[
	{
		"name": "Hack Land",
		"leaderName": "the Suppreme Hacker",
		"adjective": ["Hackite"],
     "startBias": ["Coast"],
		"preferredVictoryType": "Diplomatic",
		
		"startIntroPart1": "hax, hax, HAX",
		"declaringWar": "get rekd!",
		"attacked": "THES IS SPARt... i mean Hack Land",
		"defeated": "oh well, i guess ill make some more QAnon...",
		"introduction": "how much code does it make to make you?",
		
		"neutralHello": "yo",
		"hateHello": "oh..you, tell me what you want",
		
		"tradeRequest": "It appears that you have a gigabyte of interest",
				
		"outerColor": [27,53,63],
		"innerColor": [213,249,255],
		"uniqueName": "Hack Lords",

		"uniques": ["Unhappiness from population decreased by [99999]%", "+[99999]% [Production] [in all cities]", "+[99999]% [Food] [in all cities]", "+[99999]% [Gold] [in all cities]", "+[99999]% [Science] [in all cities]", "+[99999]% [Culture] [in all cities]", "Units fight as though they were at full strength even when damaged", "Embarked units can defend themselves", "\"Borrows\" city names from other civilizations in the game", "Can spend Gold to annex or puppet a City-State that has been your ally for [1] turns.", "May enter foreign tiles without open borders"],
//"+[99999] Sight for all [{Military}] units"
		"cities": ["start base 1","start base 2","start base 3","start base 4"]
	}
]
