[
{
		"name": "Hack Land",
		"leaderName": "the Spiritron Hacker",
		"adjective": ["weeb"],
          "startBias": ["Coast"],
		"preferredVictoryType": "Diplomatic",
		"startIntroPart1": "hax, hax, HAX",
		"declaringWar": "get rekd!",
		"attacked": "THES IS SPARt... i mean Hack Land",
		"defeated": "oh well, i guess ill make some more QAnon...",
		"introduction": "how much code does it make to make you?",
		"neutralHello": "yo",
		"hateHello": "oh..you, tell me what you want",
		"tradeRequest": "It appears that you have a gigabyte of interest",
		"cities": ["Lucky Patcher", "AC Market", "Cree Hack", "Leo Play Card", "Mod Droid", "A1", "An1", "Android1", "Happy Mod", "Android Apk Mods", "Game Guardian", "just...google?"],
		"outerColor": [27,53,63],
		"innerColor": [213,249,255],
		"uniqueName": "Hack Lords",

		"uniques": ["[Great Scientist] is earned [250]% faster", "[+10 Science, +10 Food, +10 Gold, +10 Production, +10 Culture, +10 Faith, +10 Happiness] from every specialist [in all cities]", "[+10 Science, +10 Food, +10 Gold, +10 Production, +10 Culture, +10 Faith, +10 Happiness] from every [Great Improvement]", "Earn [99999]% of killed [Military] unit's [Strength] as [Faith]", "City-State Influence degrades [99999]% slower", "Cities are razed [99999] times as fast", "Gifts of Gold to City-States generate [99999]% more Influence", "Golden Age length increased by [99999]%", "[-99999]% tile improvement construction time", "Quantity of strategic resources produced by the empire +[99999]%", "Unhappiness from population decreased by [99999]%", "+[99999]% [Production] [in all cities]", "+[99999]% [Food] [in all cities]", "+[99999]% [Gold] [in all cities]", "+[99999]% [Science] [in all cities]", "+[99999]% [Faith] [in all cities]", "+[99999]% [Culture] [in all cities]", "[+99999]% Natural religion spread [in all cities]", "Religion naturally spreads to cities [+99999] tiles away", "[+5] Range", "[All] units deal +[99999]% damage", "[+5] Movement", "[2] additional attacks per turn", "[+100] Visibility Range", "Units fight as though they were at full strength even when damaged", "Embarked units can defend themselves", "\"Borrows\" city names from other civilizations in the game", "Can spend Gold to annex or puppet a City-State that has been your ally for [1] turns.", "May enter foreign tiles without open borders", "May capture killed [All] units", "Can embark and move over Coasts and Oceans immediately"]
}
]
//"Earn [99999]% of killed [Military] unit's [Strength] as [Faith]", "May capture killed [All] units", "Can embark and move over Coasts and Oceans immediately", 